date,pibinfl,igpdi,icbr,consap,pib,cambio,ipca,selic
2002/01,606314.2564,214.535,61.05,67.9887291102487,112374.8,2.4175,1822.08,1.53
2002/02,600373.7403,214.927,60.73,63.0816185207988,111477.1,2.3474,1828.64,1.25
2002/03,637178.2096,215.17,58.55,70.9763897052678,118444.7,2.3228,1839.61,1.37
2002/04,643128.6105,216.673,56.23,74.485755054809,120385.9,2.3617,1854.33,1.48
2002/05,652823.2784,219.07,60.35,72.3776052028075,123552.5,2.5212,1858.22,1.41
2002/06,641021.3835,222.872,66.65,67.1531843062043,123424.4,2.8436,1866.02,1.33
2002/07,645611.5837,227.441,75.86,75.168800333091,126856.6,3.4277,1888.23,1.54
2002/08,635391.8535,232.818,80.62,76.4168987585841,127800.1,3.0215,1900.5,1.44
2002/09,606131.2605,238.973,89.93,73.8763790206257,125137.8,3.8941,1914.18,1.38
2002/10,618750.1727,249.042,103.93,85.4327657937348,133125.4,3.6442,1939.26,1.65
2002/11,597099.6091,263.58,101.27,81.1787848464027,135966.6,3.6357,1997.83,1.54
2002/12,556929.1773,270.692,104.56,68.8658046102468,130241.2,3.5325,2039.78,1.74
2003/01,532254.8832,276.578,101.45,63.7395665048549,127177.5,3.525,2085.68,1.97
2003/02,541194.6729,280.984,109.05,61.6778371232457,131373.6,3.5624,2118.43,1.83
2003/03,562023.781,285.64,100.18,64.6653323021778,138690.5,3.3523,2144.49,1.78
2003/04,570608.1898,286.815,90.84,65.0181142250403,141388.1,2.889,2165.29,1.87
2003/05,567202.3418,284.9,87.33,69.8894023846946,139605.8,2.9648,2178.5,1.97
2003/06,564589.0023,282.913,83.96,65.6080119806745,137993.4,2.8712,2175.23,1.86
2003/07,598420.0583,282.349,85.02,69.8629443181304,145970.6,2.9647,2179.58,2.08
2003/08,590031.054,284.105,90.1,68.6652844309189,144819.4,2.9657,2186.99,1.77
2003/09,598995.9122,287.081,89.66,74.3808427812379,148559.8,2.9226,2204.05,1.68
2003/10,621943.1015,288.337,91.32,78.903680186929,154925.9,2.8554,2210.44,1.64
2003/11,613858.4807,289.718,94.54,72.343473951,153644.4,2.9486,2217.96,1.34
2003/12,610808.8921,291.462,97.29,63.0831555061602,153801.4,2.8884,2229.49,1.37
2004/01,569546.9002,293.793,93.51,62.8995287794226,144558.6,2.9401,2246.43,1.27
2004/02,556826.9508,296.976,97.12,59.6304914388759,142861.3,2.913,2260.13,1.08
2004/03,607683.7358,299.746,101.58,73.853604710486,157363.5,2.9078,2270.75,1.38
2004/04,599229.0177,303.184,103.32,68.729380436474,156953.9,2.9439,2279.15,1.18
2004/05,600172.0611,307.616,112.08,73.5170179380849,159498.9,3.1283,2290.77,1.23
2004/06,614252.1952,311.576,112.58,73.636653778119,165342.2,3.1067,2307.03,1.23
2004/07,629502.936,315.113,107.88,77.1521227946499,171370.9,3.026,2328.02,1.29
2004/08,613409.4411,319.244,106.13,77.8873614364764,169178.9,2.933,2344.08,1.29
2004/09,594304.5843,320.788,104.61,80.378094192751,164702.5,2.8578,2351.82,1.25
2004/10,612104.261,322.492,104.91,79.0071944559452,170536.5,2.8557,2362.17,1.21
2004/11,629834.6199,325.148,103.13,81.1880292576355,176921.5,2.7299,2378.47,1.25
2004/12,632044.755,326.833,101.43,71.3711030114472,178462.4,2.6536,2398.92,1.48
2005/01,577284.6085,327.915,101.11,67.4444816141459,163540.1,2.624,2412.83,1.38
2005/02,564980.2826,329.241,98.34,62.2977905843889,160701.6,2.5942,2427.07,1.22
2005/03,610868.9818,332.49,106.82,73.518526620913,175468.7,2.6654,2441.87,1.53
2005/04,613722.1395,334.17,99.86,71.8007840769697,177179.0,2.5305,2463.11,1.41
2005/05,616388.617,333.321,93.24,75.0934331988243,177496.7,2.403,2475.18,1.5
2005/06,630979.7019,331.823,90.22,77.0925403807923,180881.8,2.3496,2474.68,1.59
2005/07,644715.7894,330.484,88.68,75.5893570062877,184073.7,2.3897,2480.87,1.51
2005/08,661023.2655,327.887,90.46,81.9210683219301,187246.6,2.3629,2485.09,1.66
2005/09,641721.223,327.454,90.96,78.4432531012593,181538.9,2.2214,2493.79,1.5
2005/10,664531.3445,329.529,93.09,79.0389480628965,189183.0,2.2535,2512.49,1.41
2005/11,681986.6688,330.619,91.8,82.0103565519246,194794.5,2.2062,2526.31,1.38
2005/12,694436.1258,330.835,100.0,74.4787816935981,198480.0,2.3399,2535.4,1.47
2006/01,644597.9708,333.222,101.81,70.2674885352136,185564.8,2.2152,2550.36,1.43
2006/02,620352.5274,333.03,97.57,66.2767583399129,178482.2,2.1347,2560.82,1.15
2006/03,664150.6023,331.531,93.81,78.5265334351885,190223.3,2.1716,2571.83,1.42
2006/04,645872.6142,331.607,95.29,71.8270210481949,185030.6,2.0884,2577.23,1.08
2006/05,688123.7197,332.851,99.12,83.2186490698904,197874.3,2.2997,2579.81,1.28
2006/06,687709.9488,335.067,99.63,79.7073089036691,199071.9,2.1635,2574.39,1.18
2006/07,713795.4981,335.637,99.75,81.9172628781695,206974.4,2.1754,2579.28,1.17
2006/08,720652.1214,337.011,97.05,86.3463760364318,209818.0,2.138,2580.57,1.26
2006/09,688908.0253,337.817,94.66,82.3568251968511,201055.4,2.1734,2585.99,1.06
2006/10,728320.2936,340.541,95.76,85.9656196969785,214271.7,2.1422,2594.52,1.09
2006/11,742620.8592,342.482,99.88,86.1542244634193,219724.2,2.166,2602.56,1.02
2006/12,746181.9173,343.384,100.81,77.2567483067689,221359.3,2.1372,2615.05,0.99
2007/01,708676.7097,344.85,99.11,72.5641273012368,211130.7,2.1239,2626.56,1.08
2007/02,678813.4859,345.652,98.79,70.1105166802485,202704.1,2.1174,2638.12,0.87
2007/03,727071.4309,346.407,98.75,84.2972147718492,217588.9,2.0496,2647.88,1.05
2007/04,717874.9533,346.878,95.87,77.2546870389191,215128.8,2.0331,2654.5,0.94
2007/05,754765.0944,347.421,93.91,89.0147925743793,226537.9,1.9281,2661.93,1.03
2007/06,760943.6173,348.328,92.03,85.177232483192,228988.6,1.9254,2669.38,0.91
2007/07,774123.1736,349.628,91.58,87.1290336472781,233824.1,1.8768,2675.79,0.97
2007/08,767396.9127,354.495,93.84,94.3871137348189,235019.1,1.9612,2688.37,0.99
2007/09,719758.6204,358.633,94.42,88.9559563162495,223002.7,1.8381,2693.21,0.8
2007/10,775096.9437,361.308,92.96,98.7136866201448,241939.4,1.7432,2701.29,0.93
2007/11,767043.4648,365.1,92.79,93.1744675444767,241938.4,1.7829,2711.55,0.84
2007/12,757524.7604,370.485,93.82,78.9334582325538,242460.2,1.7705,2731.62,0.84
2008/01,733999.9538,374.139,98.0,82.7805985891236,237247.7,1.7595,2746.37,0.93
2008/02,717149.6437,375.558,103.45,77.6483577882887,232680.4,1.6825,2759.83,0.8
2008/03,741055.8258,378.194,105.36,86.1416485457823,242124.4,1.7483,2773.08,0.84
2008/04,753065.5368,382.414,105.34,91.0361383670063,248793.8,1.6864,2788.33,0.9
2008/05,757456.1155,389.585,106.03,93.3216323045881,254936.9,1.6286,2810.36,0.88
2008/06,775045.8911,396.954,107.75,93.1122654806552,265791.2,1.5911,2831.16,0.96
2008/07,801931.4772,401.406,104.94,98.1176951433705,278095.6,1.5658,2846.16,1.07
2008/08,779364.5804,399.87,97.28,97.7068884622525,269235.6,1.6336,2854.13,1.02
2008/09,765100.9235,401.327,102.22,99.3529784790899,265271.2,1.9135,2861.55,1.1
2008/10,800354.1524,405.707,102.97,100.66047499474,280522.5,2.1145,2874.43,1.18
2008/11,771803.1641,405.982,98.88,89.4357878108332,270698.8,2.3323,2884.78,1.02
2008/12,757209.6601,404.185,97.98,73.1605278823754,264404.8,2.3362,2892.86,1.12
2009/01,715664.4674,404.244,96.97,74.7745628395501,249934.4,2.3154,2906.74,1.05
2009/02,699619.463,403.737,93.49,72.4360432402706,244024.5,2.3776,2922.73,0.86
2009/03,758029.8203,400.353,91.32,87.8354886205888,262181.7,2.3144,2928.57,0.97
2009/04,750128.3406,400.53,90.71,84.6103482402877,259563.5,2.1775,2942.63,0.84
2009/05,774089.1135,401.232,90.81,91.7942518127945,268324.0,1.9722,2956.46,0.77
2009/06,797889.1961,399.966,87.34,89.6559806786007,275701.2,1.9508,2967.1,0.76
2009/07,831434.4455,397.393,85.87,96.6041834223566,285444.2,1.8718,2974.22,0.79
2009/08,827168.3055,397.758,86.52,99.8558546542495,284240.4,1.8856,2978.68,0.69
2009/09,821992.887,398.738,85.82,98.1903301970656,283157.9,1.7773,2985.83,0.69
2009/10,876746.7467,398.575,86.38,104.012566517795,301895.9,1.7432,2994.19,0.69
2009/11,885276.8455,398.857,87.68,100.367049414883,305048.8,1.7497,3006.47,0.66
2009/12,910896.7899,398.407,91.77,88.0519371194859,313522.8,1.7404,3017.59,0.73
2010/01,831187.5245,402.425,96.36,84.4338380589026,288972.8,1.874,3040.22,0.66
2010/02,812949.9481,406.826,96.7,82.4285328159469,285723.2,1.8102,3063.93,0.59
2010/03,881149.4738,409.399,91.3,102.533350727982,311651.6,1.7802,3079.86,0.76
2010/04,862039.1001,412.341,90.12,95.4590533581968,307083.5,1.7298,3097.42,0.67
2010/05,873333.3862,418.811,89.37,100.923576592625,315988.4,1.8159,3110.74,0.75
2010/06,884229.5025,420.241,87.96,97.8861752563135,321023.2,1.8007,3110.74,0.79
2010/07,913730.0269,421.154,89.22,103.192910934263,332454.2,1.7564,3111.05,0.86
2010/08,908601.1809,425.788,93.76,106.465230698491,334225.6,1.7552,3112.29,0.89
2010/09,890768.5725,430.453,97.74,104.689819513293,331255.9,1.6934,3126.29,0.85
2010/10,918182.6747,434.882,102.18,106.995923526437,344963.8,1.7006,3149.74,0.81
2010/11,934670.9675,441.754,109.37,108.127043659721,356707.5,1.7153,3175.88,0.81
2010/12,928768.8464,443.427,114.05,94.2209475128627,355797.4,1.6654,3195.89,0.93
2011/01,861500.0069,447.764,119.03,89.9416362950481,333255.6,1.6726,3222.42,0.86
2011/02,857758.2081,452.047,125.67,93.8274111076043,334982.0,1.6604,3248.2,0.84
2011/03,885382.0936,454.805,124.77,102.063157469326,347879.6,1.6279,3273.86,0.92
2011/04,883978.1069,457.059,120.59,97.3417241821624,349049.3,1.5725,3299.07,0.84
2011/05,927492.2042,457.09,113.74,107.876835762344,366256.2,1.5791,3314.58,0.99
2011/06,940616.3316,456.49,111.36,101.903118354609,370951.2,1.5603,3319.55,0.96
2011/07,946655.9272,456.258,110.25,105.44053458157,373143.3,1.5555,3324.86,0.97
2011/08,950031.0269,459.055,111.02,112.591242982542,376769.3,1.5864,3337.16,1.07
2011/09,905284.0314,462.509,119.35,106.409539053692,361724.6,1.8536,3354.85,0.94
2011/10,943491.6159,464.349,115.74,105.902840659307,378491.0,1.6878,3369.28,0.88
2011/11,966958.7889,466.331,114.98,108.245135534797,389560.8,1.8102,3386.8,0.86
2011/12,973563.6247,465.586,113.62,92.6267454715531,391595.1,1.8751,3403.73,0.91
2012/01,910228.7275,466.979,114.48,88.9248352823348,367215.4,1.7385,3422.79,0.89
2012/02,909493.5237,467.308,111.7,87.8325151308113,367177.3,1.7086,3438.19,0.75
2012/03,968057.1528,469.91,114.1,101.698959506669,392996.5,1.8215,3445.41,0.82
2012/04,931009.0491,474.683,113.8,92.7577337944461,381795.3,1.8912,3467.46,0.71
2012/05,967251.8402,479.019,115.6,102.733737290602,400281.3,2.0217,3479.94,0.74
2012/06,956889.6691,482.311,115.24,97.5442317381682,398714.5,2.0207,3482.72,0.64
2012/07,980199.5306,489.621,123.8,104.937370795666,414617.4,2.0494,3497.7,0.68
2012/08,980036.7795,495.949,124.72,112.682517197201,419906.3,2.0366,3512.04,0.69
2012/09,910450.5104,500.314,126.94,102.00650868895,393524.7,2.03,3532.06,0.54
2012/10,980973.4521,498.739,125.61,111.857860503724,422672.1,2.0308,3552.9,0.61
2012/11,981170.1139,499.989,126.94,106.346173968937,423816.4,2.1068,3574.22,0.55
2012/12,973321.2236,503.283,128.75,90.6775561024894,423195.9,2.0429,3602.46,0.55
2013/01,949555.6615,504.83,126.11,92.5410425755469,414131.8,1.9877,3633.44,0.6
2013/02,912236.5308,505.832,122.0,84.3072872687813,398645.4,1.9749,3655.24,0.49
2013/03,975084.8624,507.375,120.11,97.1742881801106,427409.8,2.0132,3672.42,0.55
2013/04,1001768.469,507.087,118.01,104.875233779442,438856.8,2.0011,3692.62,0.61
2013/05,999011.748,508.715,118.19,106.128425492439,439054.2,2.1314,3706.28,0.6
2013/06,1000031.337,512.598,124.03,102.342717556704,442857.0,2.215,3715.92,0.61
2013/07,1033820.519,513.313,126.62,110.560197788172,458458.9,2.2897,3717.03,0.72
2013/08,1016496.879,515.688,131.71,113.589914143679,452862.2,2.3719,3725.95,0.71
2013/09,971664.8023,522.69,128.89,108.832931650593,438766.7,2.2294,3738.99,0.71
2013/10,1025911.568,525.966,125.28,115.228067371398,466166.0,2.202,3760.3,0.81
2013/11,1022043.117,527.422,129.23,106.318736865824,465693.8,2.3243,3780.61,0.72
2013/12,1032178.519,531.056,132.85,87.9034727426356,473552.5,2.342,3815.39,0.79
2014/01,989788.1223,533.197,135.37,91.0263128563689,455935.0,2.4257,3836.37,0.85
2014/02,969489.6936,537.703,140.49,91.849761668144,450358.8,2.3327,3862.84,0.79
2014/03,980342.7681,545.684,140.66,96.8741379512458,462159.8,2.2624,3898.38,0.77
2014/04,989894.7934,548.145,136.79,97.1914102449399,468767.5,2.2354,3924.5,0.82
2014/05,1004132.381,545.652,134.28,104.274834447064,473347.1,2.2384,3942.55,0.87
2014/06,978875.0614,542.194,133.55,94.8627504146503,458516.5,2.2019,3958.32,0.82
2014/07,1034691.061,539.21,131.3,106.260056223046,481994.0,2.2668,3958.72,0.95
2014/08,1023438.726,539.55,129.87,108.475141070975,477052.9,2.239,3968.62,0.87
2014/09,1022109.221,539.649,132.39,108.602088287049,476520.6,2.4504,3991.24,0.91
2014/10,1051865.023,542.853,139.28,111.498559788814,493304.7,2.4436,4008.0,0.95
2014/11,1031957.644,549.04,144.97,100.941084221317,489484.4,2.5595,4028.44,0.84
2014/12,1049815.677,551.149,144.54,86.3367052722049,499867.7,2.6556,4059.86,0.96
2015/01,986609.3629,554.835,137.64,85.4889032635726,472913.9,2.6617,4110.2,0.94
2015/02,954886.8377,557.803,143.96,81.4859732548814,460156.7,2.8777,4160.34,0.82
2015/03,1028726.742,564.568,155.69,94.9707830031095,501752.2,3.2074,4215.26,1.04
2015/04,988637.2075,569.738,151.96,89.5210199278311,486614.6,2.993,4245.19,0.95
2015/05,977839.9266,572.034,153.7,92.8410307212346,483239.7,3.1781,4276.6,0.99
2015/06,978060.6031,575.938,155.07,92.1783210785679,486647.5,3.1019,4310.39,1.07
2015/07,1003622.658,579.293,160.33,97.0577783132244,502275.2,3.3934,4337.11,1.18
2015/08,980167.7868,581.618,168.0,98.6770621240757,492505.7,3.6461,4346.65,1.11
2015/09,973277.3286,589.897,183.62,95.9085771214558,496004.7,3.9722,4370.12,1.11
2015/10,1000472.71,600.269,185.03,98.1307550373447,518828.9,3.8582,4405.95,1.11
2015/11,979115.0739,607.441,176.15,88.7897973937583,513819.8,3.8499,4450.45,1.06
2015/12,990168.0401,610.128,178.15,76.2165398431751,521918.7,3.9042,4493.17,1.16
2016/01,916115.5146,619.476,183.39,75.5278976112782,490284.0,4.0422,4550.23,1.06
2016/02,910289.6361,624.366,180.54,74.8054854583595,491011.7,3.979,4591.18,1.0
2016/03,954325.6642,627.06,170.41,84.7413035438129,516985.9,3.5583,4610.92,1.16
2016/04,934441.4815,629.345,164.72,83.3140491973612,508058.7,3.4502,4639.05,1.06
2016/05,933456.7386,636.468,166.25,85.7318665674017,513267.5,3.5945,4675.23,1.11
2016/06,959948.897,646.868,166.98,87.2442731429678,536459.3,3.2092,4691.59,1.16
2016/07,957383.1945,644.356,158.77,88.3423445982905,532947.8,3.2384,4715.99,1.11
2016/08,956489.9486,647.153,155.61,93.0916158516001,534761.8,3.2397,4736.74,1.22
2016/09,911863.912,647.36,158.33,88.603517121213,509975.0,3.2456,4740.53,1.11
2016/10,937784.6909,648.213,158.07,89.7194006989936,525162.7,3.1805,4752.86,1.05
2016/11,966494.2075,648.561,166.76,86.5384210578634,541530.7,3.3961,4761.42,1.04
2016/12,1001451.15,653.951,170.31,75.6024348311565,565780.5,3.2585,4775.7,1.12
2017/01,928026.0077,656.778,165.23,75.6053927620962,526564.7,3.1264,4793.85,1.09
2017/02,905524.7328,657.191,159.6,73.8900496015849,514120.5,3.0987,4809.67,0.87
2017/03,962337.2991,654.709,156.07,86.124405032348,544312.9,3.1678,4821.69,1.05
2017/04,940298.3183,646.573,156.15,76.6291760555207,525238.1,3.1978,4828.44,0.79
2017/05,987697.5017,643.26,160.04,91.3223750837482,548887.7,3.2431,4843.41,0.93
2017/06,1011633.652,637.079,159.74,88.5643752326714,556787.6,3.3076,4832.27,0.81
2017/07,1015851.413,635.198,157.57,92.4724080229515,557458.2,3.1301,4843.87,0.8
2017/08,1010015.854,636.714,154.23,99.4486680268677,555578.7,3.1465,4853.07,0.8
2017/09,955549.9161,640.654,157.54,92.9232451268791,528871.2,3.1674,4860.83,0.64
2017/10,991501.3265,641.279,162.52,95.3878766300225,549304.7,3.2763,4881.25,0.64
2017/11,1013883.073,646.422,171.15,90.349658364852,566209.3,3.261,4894.92,0.57
2017/12,1046741.683,651.214,169.65,77.7313842743848,588892.8,3.3074,4916.46,0.54
2018/01,981983.1119,654.968,171.2,81.6964093195962,555644.6,3.1618,4930.72,0.58
2018/02,933292.5473,655.975,171.78,75.7209216399292,528905.5,3.2443,4946.5,0.47
2018/03,982845.3415,659.665,169.09,85.8757357355916,560120.7,3.3232,4950.95,0.53
2018/04,972509.9032,665.77,175.83,87.7153634088267,559359.8,3.4805,4961.84,0.52
2018/05,935695.3295,676.695,191.92,83.290822699084,547016.5,3.7364,4981.69,0.52
2018/06,978842.1582,686.696,197.93,94.4813741529295,580697.8,3.8552,5044.46,0.52
2018/07,978469.2624,689.746,197.04,96.6226389583263,583054.8,3.7543,5061.11,0.54
2018/08,971394.8802,694.414,198.68,101.816591891223,582756.7,4.1347,5056.56,0.57
2018/09,911781.0164,706.834,210.59,90.4820752438199,556776.6,4.0033,5080.83,0.47
2018/10,966892.3908,708.694,197.73,96.9533125454018,591983.9,3.7171,5103.69,0.54
2018/11,981271.6362,700.601,192.92,89.8403523349946,593926.9,3.8627,5092.97,0.49
2018/12,1001026.308,697.446,193.73,72.8232082206294,603155.2,3.8742,5100.61,0.49
2019/01,959372.5092,697.923,186.91,81.4774775863501,578452.6,3.6513,5116.93,0.54
2019/02,930364.173,706.66,187.38,80.3570003965194,567984.5,3.7379,5138.93,0.49
2019/03,938618.3011,714.243,192.19,81.7493312522044,579172.6,3.8961,5177.47,0.47
2019/04,952288.7722,720.695,195.13,86.1079568485766,592916.0,3.9447,5206.98,0.52
2019/05,967198.7076,723.577,191.27,92.9414735705976,604607.4,3.9401,5213.75,0.54
2019/06,951081.1696,728.142,181.86,85.7602126862422,598283.0,3.8316,5214.27,0.47
2019/07,996890.5518,728.084,180.49,96.0291874077564,627049.7,3.7643,5224.18,0.57
2019/08,984562.6772,724.395,180.99,98.7864999129107,616157.6,4.1379,5229.93,0.5
2019/09,976501.7324,728.04,190.45,92.9566477488147,614187.9,4.1638,5227.84,0.46
2019/10,1014098.155,732.041,194.65,101.036823377641,641340.1,4.0035,5233.07,0.48
2019/11,995337.0119,738.264,204.27,88.1277635945194,634826.2,4.2234,5259.76,0.38
2019/12,996047.8801,751.121,205.54,74.8816064946581,646343.1,4.0301,5320.25,0.37
2020/01,951095.0333,751.82,207.56,80.7812678369928,617747.2,4.2689,5331.42,0.38
2020/02,938763.6259,751.91,206.62,77.0614483215883,609810.8,4.4981,5344.75,0.29
2020/03,933455.9388,764.276,197.72,77.3405045100252,616335.3,5.1981,5348.49,0.34
2020/04,840730.736,764.656,200.81,61.6769859079633,555387.4,5.4264,5331.91,0.28
2020/05,841171.9574,772.843,225.52,71.0035787695266,561628.4,5.4257,5311.65,0.24
2020/06,872001.4994,785.221,214.57,78.2957754195447,591537.3,5.4754,5325.46,0.21
2020/07,907047.5109,803.584,229.77,88.7972478315128,629700.9,5.2027,5344.63,0.19
2020/08,866891.0984,834.713,251.34,90.3323883599584,625136.3,5.4707,5357.46,0.16
2020/09,852792.6394,862.259,252.69,93.8845133071965,635263.9,5.6401,5391.75,0.16
2020/10,856032.566,893.997,266.69,95.5694695263451,661149.0,5.7712,5438.12,0.16
2020/11,839158.4152,917.538,267.0,88.3697045322543,665182.8,5.3311,5486.52,0.15
2020/12,857700.7457,924.504,263.38,78.2002352987233,685042.6,5.1961,5560.59,0.16
2021/01,795434.9651,951.395,291.18,78.9348567453493,653790.4,5.4753,5574.49,0.15
2021/02,801094.6131,977.133,311.65,76.9499085397636,676255.0,5.5296,5622.43,0.13
2021/03,853337.4948,998.344,328.22,83.1679140455326,735993.6,5.6967,5674.72,0.2
2021/04,809473.5635,1020.495,332.2,75.896044685798,713652.1,5.403,5692.31,0.21
2021/05,781209.7333,1055.167,335.87,85.1326247398484,712134.2,5.2316,5739.56,0.27
2021/06,783363.3896,1056.343,323.94,84.4071198829502,714893.3,5.0016,5769.98,0.31
2021/07,802658.2756,1071.615,340.69,88.0592958348069,743091.8,5.121,5825.37,0.36
2021/08,801080.4386,1070.147,352.27,88.9345945389671,740615.1,5.1427,5876.05,0.43
2021/09,811084.9286,1064.31,360.47,86.4533767593213,745774.4,5.4388,5944.21,0.44
2021/10,808561.5917,1081.301,401.15,85.2349610877454,755323.0,5.6424,6018.51,0.49
2021/11,830766.0417,1075.022,399.81,84.778129337317,771558.9,5.6193,6075.69,0.59
2021/12,832477.2245,1088.489,396.96,74.8821592304699,782833.5,5.5799,6120.04,0.77
2022/01,753585.4494,1110.398,408.84,72.7730287056136,722909.9,5.3568,6153.09,0.73
2022/02,774514.6799,1127.077,405.63,72.289196123124,754147.4,5.1388,6215.24,0.76
2022/03,841586.4867,1153.777,423.39,81.6219348575484,838868.0,4.7372,6315.93,0.93
2022/04,818998.8249,1158.546,418.63,74.7947705858614,819727.6,4.9185,6382.88,0.83
2022/05,819660.6059,1166.542,432.11,85.8723138626855,826052.1,4.7283,6412.88,1.03
2022/06,814544.823,1173.831,428.02,84.2486453543296,826025.7,5.2374,6455.85,1.02
2022/07,844223.4531,1169.426,417.62,90.7196360071,852909.9,5.1878,6411.95,1.03
2022/08,850009.2951,1162.956,414.63,95.0602968360277,854004.1,5.1784,6388.87,1.17
2022/09,843126.4604,1148.811,408.91,89.7483959169947,836785.8,5.406,6370.34,1.07
2022/10,890084.0025,1141.733,394.52,87.882113993049,877947.5,5.2564,6407.93,1.02
2022/11,893236.9913,1139.734,399.49,85.2891961030326,879514.9,5.2935,6434.2,1.02
2022/12,894935.309,1143.225,390.76,76.363568688485,883886.2,5.2171,6474.09,1.12
2023/01,822537.9262,1143.861,380.67,78.6255983872017,812834.6,5.0987,6508.4,1.12
2023/02,840845.9695,1144.271,374.72,74.0741928584418,831224.5,5.2072,6563.07,0.92
2023/03,952804.1546,1140.357,364.06,86.2487277041932,938679.8,5.0798,6609.67,1.17
2023/04,927674.8248,1128.805,362.44,77.7897044740668,904664.8,5.0001,6649.99,0.92
2023/05,948305.5444,1102.506,345.47,89.8358859772582,903238.1,5.0953,6665.28,1.12
2023/06,951470.9841,1086.474,342.8,84.996628558695,893074.9,4.8186,6659.95,1.07
2023/07,975078.9074,1082.105,349.1,90.8541022827577,911553.5,4.7409,6667.94,1.07
2023/08,987278.3604,1082.593,359.08,99.2689811702752,923374.4,4.9213,6683.28,1.14
2023/09,964309.4749,1087.419,372.47,93.1370661616808,905912.7,5.007,6700.66,0.97
2023/10,999298.438,1092.974,376.14,92.7974603336356,943578.5,5.0569,6716.74,1.0
2023/11,1001375.998,1098.48,356.99,87.8682057646101,950303.5,4.9349,6735.55,0.92
2023/12,993800.3073,1105.541,342.77,77.6258166829365,949176.5,4.8407,6773.27,0.89
2024/01,932574.7845,1102.571,345.47,82.5029723231796,888307.3,4.9529,6801.72,0.97
2024/02,948326.2598,1098.095,360.19,80.0708355134923,899644.0,4.9827,6858.17,0.8
2024/03,1020577.589,1094.763,369.38,83.9978114521515,965248.5,4.9956,6869.14,0.83
2024/04,1038907.824,1102.66,391.02,89.2072274157731,989672.8,5.1712,6895.24,0.89
2024/05,1000481.959,1112.26,387.71,92.5005276923186,961365.6,5.241,6926.96,0.83
2024/06,1004674.062,1117.787,409.07,99.7110118768381,970191.0,5.5583,6941.51,0.79
2024/07,1035731.17,1127.101,414.18,100.216821968322,1008516.2,5.6615,6967.89,0.91
2024/08,1019117.602,1128.408,404.63,103.420718595949,993489.9,5.6556,6966.5,0.87
2024/09,1003103.127,1139.981,411.26,95.9346723477923,987907.3,5.4475,6997.15,0.84
2024/10,1031035.1,1157.516,430.22,99.8463587007241,1031035.1,5.7773,7036.33,0.93
