data;pibinfl
2002/01;606314.2564
2002/02;600373.7403
2002/03;637178.2096
2002/04;643128.6105
2002/05;652823.2784
2002/06;641021.3835
2002/07;645611.5837
2002/08;635391.8535
2002/09;606131.2605
2002/10;618750.1727
2002/11;597099.6091
2002/12;556929.1773
2003/01;532254.8832
2003/02;541194.6729
2003/03;562023.781
2003/04;570608.1898
2003/05;567202.3418
2003/06;564589.0023
2003/07;598420.0583
2003/08;590031.054
2003/09;598995.9122
2003/10;621943.1015
2003/11;613858.4807
2003/12;610808.8921
2004/01;569546.9002
2004/02;556826.9508
2004/03;607683.7358
2004/04;599229.0177
2004/05;600172.0611
2004/06;614252.1952
2004/07;629502.936
2004/08;613409.4411
2004/09;594304.5843
2004/10;612104.261
2004/11;629834.6199
2004/12;632044.755
2005/01;577284.6085
2005/02;564980.2826
2005/03;610868.9818
2005/04;613722.1395
2005/05;616388.617
2005/06;630979.7019
2005/07;644715.7894
2005/08;661023.2655
2005/09;641721.223
2005/10;664531.3445
2005/11;681986.6688
2005/12;694436.1258
2006/01;644597.9708
2006/02;620352.5274
2006/03;664150.6023
2006/04;645872.6142
2006/05;688123.7197
2006/06;687709.9488
2006/07;713795.4981
2006/08;720652.1214
2006/09;688908.0253
2006/10;728320.2936
2006/11;742620.8592
2006/12;746181.9173
2007/01;708676.7097
2007/02;678813.4859
2007/03;727071.4309
2007/04;717874.9533
2007/05;754765.0944
2007/06;760943.6173
2007/07;774123.1736
2007/08;767396.9127
2007/09;719758.6204
2007/10;775096.9437
2007/11;767043.4648
2007/12;757524.7604
2008/01;733999.9538
2008/02;717149.6437
2008/03;741055.8258
2008/04;753065.5368
2008/05;757456.1155
2008/06;775045.8911
2008/07;801931.4772
2008/08;779364.5804
2008/09;765100.9235
2008/10;800354.1524
2008/11;771803.1641
2008/12;757209.6601
2009/01;715664.4674
2009/02;699619.463
2009/03;758029.8203
2009/04;750128.3406
2009/05;774089.1135
2009/06;797889.1961
2009/07;831434.4455
2009/08;827168.3055
2009/09;821992.887
2009/10;876746.7467
2009/11;885276.8455
2009/12;910896.7899
2010/01;831187.5245
2010/02;812949.9481
2010/03;881149.4738
2010/04;862039.1001
2010/05;873333.3862
2010/06;884229.5025
2010/07;913730.0269
2010/08;908601.1809
2010/09;890768.5725
2010/10;918182.6747
2010/11;934670.9675
2010/12;928768.8464
2011/01;861500.0069
2011/02;857758.2081
2011/03;885382.0936
2011/04;883978.1069
2011/05;927492.2042
2011/06;940616.3316
2011/07;946655.9272
2011/08;950031.0269
2011/09;905284.0314
2011/10;943491.6159
2011/11;966958.7889
2011/12;973563.6247
2012/01;910228.7275
2012/02;909493.5237
2012/03;968057.1528
2012/04;931009.0491
2012/05;967251.8402
2012/06;956889.6691
2012/07;980199.5306
2012/08;980036.7795
2012/09;910450.5104
2012/10;980973.4521
2012/11;981170.1139
2012/12;973321.2236
2013/01;949555.6615
2013/02;912236.5308
2013/03;975084.8624
2013/04;1001768.469
2013/05;999011.748
2013/06;1000031.337
2013/07;1033820.519
2013/08;1016496.879
2013/09;971664.8023
2013/10;1025911.568
2013/11;1022043.117
2013/12;1032178.519
2014/01;989788.1223
2014/02;969489.6936
2014/03;980342.7681
2014/04;989894.7934
2014/05;1004132.381
2014/06;978875.0614
2014/07;1034691.061
2014/08;1023438.726
2014/09;1022109.221
2014/10;1051865.023
2014/11;1031957.644
2014/12;1049815.677
2015/01;986609.3629
2015/02;954886.8377
2015/03;1028726.742
2015/04;988637.2075
2015/05;977839.9266
2015/06;978060.6031
2015/07;1003622.658
2015/08;980167.7868
2015/09;973277.3286
2015/10;1000472.71
2015/11;979115.0739
2015/12;990168.0401
2016/01;916115.5146
2016/02;910289.6361
2016/03;954325.6642
2016/04;934441.4815
2016/05;933456.7386
2016/06;959948.897
2016/07;957383.1945
2016/08;956489.9486
2016/09;911863.912
2016/10;937784.6909
2016/11;966494.2075
2016/12;1001451.15
2017/01;928026.0077
2017/02;905524.7328
2017/03;962337.2991
2017/04;940298.3183
2017/05;987697.5017
2017/06;1011633.652
2017/07;1015851.413
2017/08;1010015.854
2017/09;955549.9161
2017/10;991501.3265
2017/11;1013883.073
2017/12;1046741.683
2018/01;981983.1119
2018/02;933292.5473
2018/03;982845.3415
2018/04;972509.9032
2018/05;935695.3295
2018/06;978842.1582
2018/07;978469.2624
2018/08;971394.8802
2018/09;911781.0164
2018/10;966892.3908
2018/11;981271.6362
2018/12;1001026.308
2019/01;959372.5092
2019/02;930364.173
2019/03;938618.3011
2019/04;952288.7722
2019/05;967198.7076
2019/06;951081.1696
2019/07;996890.5518
2019/08;984562.6772
2019/09;976501.7324
2019/10;1014098.155
2019/11;995337.0119
2019/12;996047.8801
2020/01;951095.0333
2020/02;938763.6259
2020/03;933455.9388
2020/04;840730.736
2020/05;841171.9574
2020/06;872001.4994
2020/07;907047.5109
2020/08;866891.0984
2020/09;852792.6394
2020/10;856032.566
2020/11;839158.4152
2020/12;857700.7457
2021/01;795434.9651
2021/02;801094.6131
2021/03;853337.4948
2021/04;809473.5635
2021/05;781209.7333
2021/06;783363.3896
2021/07;802658.2756
2021/08;801080.4386
2021/09;811084.9286
2021/10;808561.5917
2021/11;830766.0417
2021/12;832477.2245
2022/01;753585.4494
2022/02;774514.6799
2022/03;841586.4867
2022/04;818998.8249
2022/05;819660.6059
2022/06;814544.823
2022/07;844223.4531
2022/08;850009.2951
2022/09;843126.4604
2022/10;890084.0025
2022/11;893236.9913
2022/12;894935.309
2023/01;822537.9262
2023/02;840845.9695
2023/03;952804.1546
2023/04;927674.8248
2023/05;948305.5444
2023/06;951470.9841
2023/07;975078.9074
2023/08;987278.3604
2023/09;964309.4749
2023/10;999298.438
2023/11;1001375.998
2023/12;993800.3073
2024/01;932574.7845
2024/02;948326.2598
2024/03;1020577.589
2024/04;1038907.824
2024/05;1000481.959
2024/06;1004674.062
2024/07;1035731.17
2024/08;1019117.602
2024/09;1003103.127
2024/10;1031035.1
